部位,ID,이름
HEAD,0,없음
HEAD,1,고무젖꼭지
HEAD,2,카츄샤
HEAD,3,가발
HEAD,4,비녀
HEAD,5,요리사모자
HEAD,6,시뇽
HEAD,7,실크햇
HEAD,8,수영모
HEAD,9,토끼머리띠
HEAD,10,티아라
HEAD,11,나이트캡
HEAD,12,머리수건
HEAD,13,헌팅모
HEAD,14,베일
HEAD,15,헤드폰
HEAD,16,헬멧
HEAD,17,화이트블림
HEAD,18,리본
HEAD,19,에보시
HEAD,20,왕관
HEAD,21,화관
HEAD,22,투구
HEAD,23,두건
HEAD,24,머리장식
HEAD,25,삿갓
HEAD,26,모자
HEAD,27,헤드드레스
HEAD,28,반다나
NECK,0,없음
NECK,1,숄
NECK,2,초커
NECK,3,넥타이
NECK,4,머플러
NECK,5,턱받이
NECK,6,리본
NECK,7,관리태그
NECK,8,개목걸이
NECK,9,목걸이
NECK,10,염주
NECK,11,노예목걸이
NECK,12,고양이목걸이
NECK,13,스카프
NECK,14,팬던트
TOP,0,없음
TOP,1,Ｔ셔츠
TOP,2,알로하 셔츠
TOP,3,캐미숄
TOP,4,시스루 셔츠
TOP,5,저지
TOP,6,스모크 블라우스
TOP,7,스웨터
TOP,8,세일러복
TOP,9,탱크탑
TOP,10,노슬리브
TOP,11,파커
TOP,12,블라우스
TOP,13,와이셔츠
TOP,14,군복
TOP,15,검은 이너
TOP,16,체육복
TOP,17,옷
TOP,18,유카타
TOP,19,무녀복
BOTTOM,0,없음
BOTTOM,1,서스펜터 스커트
BOTTOM,2,점퍼 스커트
BOTTOM,3,숏팬츠
BOTTOM,4,스커트
BOTTOM,5,바지
BOTTOM,6,슬랙스
BOTTOM,7,세일러 스커트
BOTTOM,8,타이트 스커트
BOTTOM,9,타이트 미니
BOTTOM,10,데님
BOTTOM,11,파레오
BOTTOM,12,플리츠 스커트
BOTTOM,13,부루마
BOTTOM,14,플레어 스커트
BOTTOM,15,핫팬츠
BOTTOM,16,마이크로 미니
BOTTOM,17,미니스커트
BOTTOM,18,일바지
BOTTOM,19,로우라이즈 팬츠
BOTTOM,20,롱 스커트
BOTTOM,21,요포
BOTTOM,22,퀼로트
BOTTOM,23,무녀하카마
OUTER,0,없음
OUTER,1,인버네스
OUTER,2,에이프런
OUTER,3,가디건
OUTER,4,케이프
OUTER,5,코트
OUTER,6,재킷
OUTER,7,슈트
OUTER,8,슈트재킷
OUTER,9,스웨터
OUTER,10,다운재킷
OUTER,11,파커
OUTER,12,모피코트
OUTER,13,블레이저
OUTER,14,베스트
OUTER,15,망토
OUTER,16,레인코트
OUTER,17,레더재킷
OUTER,18,갑옷
OUTER,19,가쿠란
OUTER,20,캇포기
OUTER,21,흉갑
OUTER,22,가사
OUTER,23,백의
BODYSUIT,0,없음
BODYSUIT,1,아오자이
BODYSUIT,2,웨딩드레스
BODYSUIT,3,에이프런 드레스
BODYSUIT,4,오버올
BODYSUIT,5,인형옷
BODYSUIT,6,고딕드레스
BODYSUIT,7,사리
BODYSUIT,8,저지
BODYSUIT,9,차이나 드레스
BODYSUIT,10,디안돌
BODYSUIT,11,드레스
BODYSUIT,12,나이트 드레스
BODYSUIT,13,바니슈트
BODYSUIT,14,비키니 아머
BODYSUIT,15,너덜너덜한 천조각
BODYSUIT,16,메이드복
BODYSUIT,17,라이더 슈트
BODYSUIT,18,로브
BODYSUIT,19,원피스
BODYSUIT,20,연미복
BODYSUIT,21,갑옷
BODYSUIT,22,승복
BODYSUIT,23,죄수옷
BODYSUIT,24,수도옷
BODYSUIT,25,도사옷
BODYSUIT,26,도복
BODYSUIT,27,닌자옷
BODYSUIT,28,순백의 옷
BODYSUIT,29,법의
BODYSUIT,30,기모노
BODYSUIT,31,발레복
INNER_TOP,0,없음
INNER_TOP,1,오픈브라
INNER_TOP,2,코르셋
INNER_TOP,3,가슴붕대
INNER_TOP,4,시스루 브라
INNER_TOP,5,스포츠 브라
INNER_TOP,6,튜브탑
INNER_TOP,7,튜브탑
INNER_TOP,8,탑리스 브라
INNER_TOP,9,니플리스
INNER_TOP,10,하프컵 브라
INNER_TOP,11,비키니(상)
INNER_TOP,12,뷔스티에
INNER_TOP,13,브라
INNER_TOP,14,브라 노랑
INNER_TOP,15,브라 검정
INNER_TOP,16,브라 보라
INNER_TOP,17,브라 줄무늬
INNER_TOP,18,브라 물색
INNER_TOP,19,브라 파랑
INNER_TOP,20,브라 빨강
INNER_TOP,21,브라 초록
INNER_TOP,22,홀더넥 브라
INNER_TOP,23,마이크로 비키니(상)
INNER_TOP,24,레이스 브라
INNER_TOP,25,반창고
INNER_TOP,26,없음
INNER_BOTTOM,0,없음
INNER_BOTTOM,1,Ｔ백
INNER_BOTTOM,2,오픈 크로치
INNER_BOTTOM,3,기저귀
INNER_BOTTOM,4,시스루 팬티
INNER_BOTTOM,5,스캔티
INNER_BOTTOM,6,스패츠
INNER_BOTTOM,7,탕가
INNER_BOTTOM,8,트렁크스
INNER_BOTTOM,9,드로워즈
INNER_BOTTOM,10,하이레그
INNER_BOTTOM,11,팬티
INNER_BOTTOM,12,팬티 노랑
INNER_BOTTOM,13,팬티 검정
INNER_BOTTOM,14,팬티 보라
INNER_BOTTOM,15,팬티 줄무늬
INNER_BOTTOM,16,팬티 물색
INNER_BOTTOM,17,팬티 파랑
INNER_BOTTOM,18,팬티 빨강
INNER_BOTTOM,19,팬티 초록
INNER_BOTTOM,20,비키니(하)
INNER_BOTTOM,21,브리프
INNER_BOTTOM,22,플레어 팬티
INNER_BOTTOM,23,훈도시
INNER_BOTTOM,24,보이레그
INNER_BOTTOM,25,사각팬티
INNER_BOTTOM,26,마이크로 비키니(하)
INNER_BOTTOM,27,레이스 팬티
INNER_BOTTOM,28,로우라이즈
INNER_BOTTOM,29,로우레그
INNER_BOTTOM,30,마에바리
INNER_BOTTOM,31,끈팬티
INNER_BOTTOM,32,반창고
INNER_BODYSUIT,0,없음
INNER_BODYSUIT,1,퀸 본디지
INNER_BODYSUIT,2,스쿨미즈
INNER_BODYSUIT,3,슬립
INNER_BODYSUIT,4,슬링샷
INNER_BODYSUIT,5,슬레이브 본디지
INNER_BODYSUIT,6,탱키니
INNER_BODYSUIT,7,네글리제
INNER_BODYSUIT,8,베이비돌
INNER_BODYSUIT,9,바디슈트
INNER_BODYSUIT,10,랩핑리본
INNER_BODYSUIT,11,러버슈트
INNER_BODYSUIT,12,레오타드
INNER_BODYSUIT,13,옛날 스쿨미즈
INNER_BODYSUIT,14,선수용 수영복
INNER_BODYSUIT,15,찢어진 스쿨미즈
INNER_BODYSUIT,16,찢어진 러버슈트
INNER_BODYSUIT,17,찢어진 선수용 수영복
INNER_BODYSUIT,18,찢어진 전신타이즈
INNER_BODYSUIT,19,전신타이즈
INNER_BODYSUIT,20,흰색 스쿨미즈
INNER_BODYSUIT,21,속옷
GLOVE,0,없음
GLOVE,1,커프스
GLOVE,2,건틀렛
GLOVE,3,글로브
GLOVE,4,슬레이브 글로브
GLOVE,5,브레이슬릿
GLOVE,6,레더 글로브
GLOVE,7,롱 글로브
GLOVE,8,토시
GLOVE,9,수갑
GLOVE,10,장갑
GLOVE,11,쇠사슬
GLOVE,12,제어봉
GLOVE,13,소매
GLOVE,14,붕대
GLOVE,15,완장
GLOVE,16,손목시계
SOCKS,0,없음
SOCKS,1,앵클릿
SOCKS,2,크루삭스
SOCKS,3,사이 하이삭스
SOCKS,4,쇼트삭스
SOCKS,5,스타킹
SOCKS,6,타이츠
SOCKS,7,팬티스타킹
SOCKS,8,부츠삭스
SOCKS,9,리본
SOCKS,10,루즈삭스
SOCKS,11,양말
SOCKS,12,찢어진 스타킹
SOCKS,13,버선
SOCKS,14,족쇄
SOCKS,15,니삭스
SOCKS,16,오버 니삭스
SOCKS,17,망사 타이즈
SHOES,0,없음
SHOES,1,그리브
SHOES,2,사이 하이부츠
SHOES,3,샌들
SHOES,4,슈즈
SHOES,5,슬리퍼
SHOES,6,슬레이브 부츠
SHOES,7,하이힐
SHOES,8,발레 슈즈
SHOES,9,펌프스
SHOES,10,비치 샌들
SHOES,11,핀힐
SHOES,12,부츠
SHOES,13,뮬
SHOES,14,레더 부츠
SHOES,15,로퍼
SHOES,16,롤러 스케이트
SHOES,17,롱 부츠
SHOES,18,나막신
SHOES,19,구두
SHOES,20,짚신
SHOES,21,지카타비
SHOES,22,장화
ACCESSORY,0,없음
ACCESSORY,1,지폐
ACCESSORY,2,가터
ACCESSORY,3,딸랑이
ACCESSORY,4,고글
ACCESSORY,5,선글라스
ACCESSORY,6,가짜수염
ACCESSORY,7,도그 태그
ACCESSORY,8,나이프
ACCESSORY,9,버터플라이 마스크
ACCESSORY,10,효토코 가면
ACCESSORY,11,마스크
ACCESSORY,12,배낭
ACCESSORY,13,가면
ACCESSORY,14,회중시계
ACCESSORY,15,가방
ACCESSORY,16,안경
ACCESSORY,17,어깨걸이 가방
ACCESSORY,18,여우가면
ACCESSORY,19,우산
ACCESSORY,20,인형
ACCESSORY,21,앞치마
ACCESSORY,22,불제봉
ACCESSORY,23,텐구가면
ACCESSORY,24,칼
ACCESSORY,25,마도서
ACCESSORY,26,명찰
ACCESSORY,27,눈가리개
ACCESSORY,28,빗자루
ACCESSORY,29,베개